<?xml version="1.0" encoding="UTF-8"?>
<window>
	<defaultcontrol always="true">9000</defaultcontrol>
	<controls>
		<control type="group">
			<include>DefaultBackground</include>
			<control type="image">
				<left>-100</left>
				<top>0</top>
				<width>3000</width>
				<height>HeightTop</height>
				<texture border="0,6,0,6">new/Back20.png</texture>
			</control>	
			<control type="image">
				<left>-100</left>
				<top>HeightTop</top>
				<width>3000</width>
				<height>HeightRibon</height>
				<texture border="0,6,0,6">new/Back10.png</texture>
			</control>		
			<control type="image">
				<left>-100</left>
				<top>450</top>
				<width>3000</width>
				<height>HeightDown</height>
				<texture border="0,6,0,6">new/Back40.png</texture>
				<visible>Control.HasFocus(9000)</visible>	
			</control>
			<control type="image">
				<left>-100</left>
				<top>0</top>
				<width>3000</width>
				<height>450</height>
				<texture border="0,6,0,6">new/Back40.png</texture>
				<visible>!Control.HasFocus(9000)</visible>	
			</control>			
			<include>Clock</include>
			<control type="image">
				<description>LOGO</description>
				<left>10</left>
				<top>5</top>
				<width>240</width>
				<height>98</height>
				<aspectratio aligny="top" align="left">keep</aspectratio>
				<texture>new/kodi-logo.png</texture>
			</control>		
		</control>
		<control type="group">
			<depth>DepthMenu</depth>
			<top>0</top>
			<control type="fixedlist" id="9000">
				<left>-110</left>
				<top>0</top>
				<width>3000</width>
				<height>450</height>
				<onleft>9000</onleft>
				<onright>9000</onright>
				<ondown>SetFocus($INFO[Container(9000).ListItem.Property(menu_id)])</ondown>		
				<pagecontrol/>
				<scrolltime>300</scrolltime>
				<focusposition>4</focusposition>
				<movement>1</movement>
				<orientation>Horizontal</orientation>
				<itemlayout height="HeightRibon" width="200">	
					<control type="image">
						<left>0</left>
						<top>HeightTop</top>
						<width>200</width>
						<height>200</height>
						<texture>$INFO[ListItem.Art(thumb)]</texture>
						<align>center</align>
						<aligny>center</aligny>						
					</control>
					<control type="label">
						<left>0</left>
						<top>320</top>
						<width>200</width>
						<height>120</height>
						<font>font25</font>
						<textcolor>white</textcolor>
						<shadowcolor>black</shadowcolor>
						<wrapmultiline>true</wrapmultiline>						
						<align>center</align>
						<aligny>center</aligny>
						<label>$INFO[ListItem.Label]</label>
					</control>
				</itemlayout>
				<focusedlayout height="HeightRibon" width="200">
					<control type="image">
						<left>0</left>
						<top>HeightTop</top>
						<width>200</width>
						<height>HeightRibon</height>
						<texture colordiffuse="button_focus">lists/focus.png</texture>
						<align>center</align>
						<aligny>center</aligny>	
						<aspectratio>scale</aspectratio>
					</control>					
					<control type="image">
						<left>0</left>
						<top>HeightTop</top>
						<width>200</width>
						<height>200</height>
						<texture>$INFO[ListItem.Art(thumb)]</texture>
						<align>center</align>
						<aligny>center</aligny>
						<shadowcolor>black</shadowcolor>					
					</control>			
					<control type="label">
						<left>0</left>
						<top>320</top>
						<width>200</width>
						<height>120</height>
						<font>font25</font>
						<textcolor>white</textcolor>
						<shadowcolor>black</shadowcolor>						
						<align>center</align>
						<aligny>center</aligny>
						<label>$INFO[ListItem.Label]</label>
					</control>
				</focusedlayout>
				<content>
					<item>
						<label>$LOCALIZE[342]</label>
						<onclick condition="Library.HasContent(movies) + Skin.HasSetting(home_no_categories_widget)">ActivateWindow(Videos,videodb://movies/,return)</onclick>
						<onclick condition="Library.HasContent(movies) + !Skin.HasSetting(home_no_categories_widget)">ActivateWindow(Videos,videodb://movies/titles/,return)</onclick>
						<onclick condition="!Library.HasContent(movies)">ActivateWindow(Videos,sources://video/,return)</onclick>
						<property name="menu_id">$NUMBER[5000]</property>
						<thumb>new/icons/movies.png</thumb>
						<property name="id">movies</property>
						<visible>!Skin.HasSetting(HomeMenuNoMovieButton)</visible>
					</item>
					<item>
						<label>$LOCALIZE[20343]</label>
						<onclick condition="Library.HasContent(tvshows) + Skin.HasSetting(home_no_categories_widget)">ActivateWindow(Videos,videodb://tvshows/,return)</onclick>
						<onclick condition="Library.HasContent(tvshows) + !Skin.HasSetting(home_no_categories_widget)">ActivateWindow(Videos,videodb://tvshows/titles/,return)</onclick>
						<onclick condition="!Library.HasContent(tvshows)">ActivateWindow(Videos,sources://video/,return)</onclick>
						<property name="menu_id">$NUMBER[6000]</property>
						<thumb>new/icons/tv.png</thumb>
						<property name="id">tvshows</property>
						<visible>!Skin.HasSetting(HomeMenuNoTVShowButton)</visible>
					</item>
					<item>
						<label>$LOCALIZE[2]</label>
						<onclick>ActivateWindow(Music,root,return)</onclick>
						<property name="menu_id">$NUMBER[7000]</property>
						<thumb>new/icons/music.png</thumb>
						<property name="id">music</property>
						<visible>!Skin.HasSetting(HomeMenuNoMusicButton)</visible>
					</item>
					<item>
						<label>$LOCALIZE[427]</label>
						<onclick>PlayDisc</onclick>
						<property name="menu_id">$NUMBER[21000]</property>
						<thumb>icons/sidemenu/disc.png</thumb>
						<property name="id">disc</property>
						<visible>System.HasMediaDVD</visible>
					</item>
					<item>
						<label>$LOCALIZE[20389]</label>
						<property name="menu_id">$NUMBER[16000]</property>
						<onclick>ActivateWindow(Videos,musicvideos,return)</onclick>
						<thumb>new/icons/musicvideos.png</thumb>
						<property name="id">musicvideos</property>
						<visible>!Skin.HasSetting(HomeMenuNoMusicVideoButton)</visible>
					</item>
					<item>
						<label>$LOCALIZE[19020]</label>
						<property name="menu_id">$NUMBER[12000]</property>
						<onclick>ActivateWindow(TVChannels)</onclick>
						<thumb>new/icons/livetv.png</thumb>
						<property name="id">livetv</property>
						<visible>!Skin.HasSetting(HomeMenuNoTVButton)</visible>
					</item>
					<item>
						<label>$LOCALIZE[19021]</label>
						<property name="menu_id">$NUMBER[13000]</property>
						<onclick>ActivateWindow(RadioChannels)</onclick>
						<thumb>new/icons/radio.png</thumb>
						<property name="id">radio</property>
						<visible>!Skin.HasSetting(HomeMenuNoRadioButton)</visible>
					</item>
					<item>
						<label>$LOCALIZE[15016]</label>
						<property name="menu_id">$NUMBER[17000]</property>
						<onclick>ActivateWindow(Games)</onclick>
						<thumb>new/icons/games.png</thumb>
						<property name="id">games</property>
						<visible>System.GetBool(gamesgeneral.enable) + !Skin.HasSetting(HomeMenuNoGamesButton)</visible>
					</item>
					<item>
						<label>$LOCALIZE[24001]</label>
						<property name="menu_id">$NUMBER[8000]</property>
						<onclick>ActivateWindow(1100)</onclick>
						<thumb>new/icons/addons.png</thumb>
						<property name="id">addons</property>
						<visible>!Skin.HasSetting(HomeMenuNoProgramsButton)</visible>
					</item>
					<item>
						<label>$LOCALIZE[1]</label>
						<onclick>ActivateWindow(Pictures)</onclick>
						<property name="menu_id">$NUMBER[4000]</property>
						<thumb>new/icons/pictures.png</thumb>
						<property name="id">pictures</property>
						<visible>!Skin.HasSetting(HomeMenuNoPicturesButton)</visible>
					</item>
					<item>
						<label>$LOCALIZE[3]</label>
						<onclick>ActivateWindow(Videos,root)</onclick>
						<property name="menu_id">$NUMBER[11000]</property>
						<thumb>new/icons/videos.png</thumb>
						<property name="id">video</property>
						<visible>!Skin.HasSetting(HomeMenuNoVideosButton)</visible>
					</item>
					<item>
						<label>$LOCALIZE[10134]</label>
						<onclick>ActivateWindow(favourites)</onclick>
						<property name="menu_id">$NUMBER[14000]</property>
						<thumb>new/icons/favourites.png</thumb>
						<property name="id">favorites</property>
						<visible>!Skin.HasSetting(HomeMenuNoFavButton)</visible>
					</item>
					<item>
						<label>$LOCALIZE[8]</label>
						<onclick condition="!String.IsEmpty(Weather.Plugin)">ActivateWindow(Weather)</onclick>
						<onclick condition="String.IsEmpty(Weather.Plugin)">ReplaceWindow(servicesettings,weather)</onclick>
						<property name="menu_id">$NUMBER[15000]</property>
						<thumb>new/icons/weather.png</thumb>
						<property name="id">weather</property>
						<visible>!Skin.HasSetting(HomeMenuNoWeatherButton)</visible>
					</item>
					<item>
						<label>Manage</label>
						<thumb>new/icons/manage.png</thumb>																																															
						<onclick>ActivateWindow(Settings)</onclick>
						<icon/>
						<thumb/>
						<visible>[!Skin.HasSetting(HomeMenuNoSystemButton) + !System.IsMaster] | System.IsMaster</visible>
					</item>					
				</content>
			</control>
		</control>
		<control type="group" id="1234">
			<top>450</top>
			<left>-45</left>
			<right>-45</right>
			<height>HeightDown</height>
			<control type="group" id="5000">  <!-- Movies -->
				<visible>String.IsEqual(Container(9000).ListItem.Property(id),movies)</visible>
				<include content="Visible_Right_Delayed">
					<param name="id" value="movies"/>
				</include>
				<control type="grouplist" id="5001">
					<include>WidgetGroupListCommon</include>
					<pagecontrol>5010</pagecontrol>
<!--					
					<include content="WidgetListCategories" condition="Library.HasContent(movies) + !Skin.HasSetting(home_no_categories_widget)">
						<param name="content_path" value="library://video/movies/"/>
						<param name="widget_header" value="$LOCALIZE[31148]"/>
						<param name="widget_target" value="videos"/>
						<param name="list_id" value="5900"/>
					</include>
-->				
					<include content="WidgetListPoster" condition="Library.HasContent(movies)">
						<param name="content_path" value="special://skin/playlists/inprogress_movies.xsp"/>
						<param name="widget_header" value="$LOCALIZE[31010]"/>
						<param name="widget_target" value="videos"/>
						<param name="list_id" value="5100"/>
					</include>
<!--					
					<include content="WidgetListPoster" condition="Library.HasContent(movies)">
						<param name="content_path" value="special://skin/playlists/recent_unwatched_movies.xsp"/>
						<param name="widget_header" value="$LOCALIZE[20386]"/>
						<param name="widget_target" value="videos"/>
						<param name="list_id" value="5200"/>
					</include>
					<include content="WidgetListPoster" condition="Library.HasContent(movies)">
						<param name="content_path" value="special://skin/playlists/unwatched_movies.xsp"/>
						<param name="widget_header" value="$LOCALIZE[31007]"/>
						<param name="widget_target" value="videos"/>
						<param name="list_id" value="5300"/>
					</include>
					<include content="WidgetListPoster" condition="Library.HasContent(movies)">
						<param name="content_path" value="special://skin/playlists/random_movies.xsp"/>
						<param name="widget_header" value="$LOCALIZE[31006]"/>
						<param name="widget_target" value="videos"/>
						<param name="list_id" value="5400"/>
					</include>				
					<include content="WidgetListCategories" condition="Library.HasContent(movies)">
						<param name="content_path" value="videodb://movies/genres/"/>
						<param name="widget_header" value="$LOCALIZE[135]"/>
						<param name="widget_target" value="videos"/>
						<param name="list_id" value="5500"/>
						<param name="icon" value="$VAR[WidgetGenreIconVar]"/>
						<param name="icon_height" value="70"/>
					</include>
					<include content="WidgetListPoster" condition="Library.HasContent(movies)">
						<param name="content_path" value="videodb://movies/sets/"/>
						<param name="widget_header" value="$LOCALIZE[31075]"/>
						<param name="widget_target" value="videos"/>
						<param name="sortby" value="random"/>
						<param name="list_id" value="5600"/>
					</include>
-->					
				</control>
				<include content="ImageWidget" condition="!Library.HasContent(movies)">
					<param name="text_label" value="$LOCALIZE[31104]" />
					<param name="button_label" value="$LOCALIZE[31110]" />
					<param name="button_onclick" value="ActivateWindow(videos,files,return)"/>
					<param name="button_id" value="5500"/>
					<param name="button2_onclick" value="Skin.SetBool(HomeMenuNoMovieButton)"/>
				</include>
				<include content="WidgetScrollbar" condition="Skin.HasSetting(touchmode)">
					<param name="scrollbar_id" value="5010"/>
				</include>
			</control>
			<control type="group" id="6000">  <!-- TvShows -->
				<visible>String.IsEqual(Container(9000).ListItem.Property(id),tvshows)</visible>
				<include content="Visible_Right_Delayed">
					<param name="id" value="tvshows"/>
				</include>
				<control type="grouplist" id="6001">
					<include>WidgetGroupListCommon</include>
					<pagecontrol>6010</pagecontrol>
<!--					
					<include content="WidgetListCategories" condition="Library.HasContent(tvshows) + !Skin.HasSetting(home_no_categories_widget)">
						<param name="content_path" value="library://video/tvshows/"/>
						<param name="widget_header" value="$LOCALIZE[31148]"/>
						<param name="widget_target" value="videos"/>
						<param name="list_id" value="6900"/>
					</include>
-->					
					<include content="WidgetListPoster" condition="Library.HasContent(tvshows)">
						<param name="content_path" value="videodb://inprogresstvshows"/>
						<param name="sortby" value="lastplayed"/>
						<param name="sortorder" value="descending"/>
						<param name="widget_header" value="$LOCALIZE[626]"/>
						<param name="widget_target" value="videos"/>
						<param name="list_id" value="6100"/>
					</include>
<!--					
					<include content="WidgetListEpisodes" condition="Library.HasContent(tvshows)">
						<param name="content_path" value="special://skin/playlists/recent_unwatched_episodes.xsp"/>
						<param name="widget_header" value="$LOCALIZE[20387]"/>
						<param name="widget_target" value="videos"/>
						<param name="list_id" value="6200"/>
					</include>
					<include content="WidgetListPoster" condition="Library.HasContent(tvshows)">
						<param name="content_path" value="special://skin/playlists/unwatched_tvshows.xsp"/>
						<param name="widget_header" value="$LOCALIZE[31122]"/>
						<param name="widget_target" value="videos"/>
						<param name="list_id" value="6300"/>
					</include>
					<include content="WidgetListCategories" condition="Library.HasContent(tvshows)">
						<param name="content_path" value="videodb://tvshows/genres/"/>
						<param name="widget_header" value="$LOCALIZE[135]"/>
						<param name="widget_target" value="videos"/>
						<param name="list_id" value="6400"/>
						<param name="icon" value="$VAR[WidgetGenreIconVar]"/>
						<param name="icon_height" value="70"/>
					</include>
					<include content="WidgetListCategories" condition="Library.HasContent(tvshows)">
						<param name="content_path" value="videodb://tvshows/studios/"/>
						<param name="widget_header" value="$LOCALIZE[20388]"/>
						<param name="widget_target" value="videos"/>
						<param name="list_id" value="6500"/>
						<param name="icon" value="$VAR[WidgetStudioIconVar]"/>
						<param name="icon_height" value="70"/>
					</include>
-->					
				</control>
				<include content="ImageWidget" condition="!Library.HasContent(tvshows)">
					<param name="text_label" value="$LOCALIZE[31104]" />
					<param name="button_label" value="$LOCALIZE[31110]" />
					<param name="button_onclick" value="ActivateWindow(videos,files,return)"/>
					<param name="button_id" value="6400"/>
					<param name="button2_onclick" value="Skin.SetBool(HomeMenuNoTVShowButton)"/>
				</include>
				<include content="WidgetScrollbar" condition="Skin.HasSetting(touchmode)">
					<param name="scrollbar_id" value="6010"/>
				</include>
			</control>
			<control type="group" id="7000">  <!-- Music -->
				<visible>String.IsEqual(Container(9000).ListItem.Property(id),music)</visible>
				<include content="Visible_Right_Delayed">
					<param name="id" value="music"/>
				</include>
				<control type="grouplist" id="7001">
					<include>WidgetGroupListCommon</include>
					<pagecontrol>7010</pagecontrol>
<!--					
					<include content="WidgetListCategories" condition="Library.HasContent(music) + !Skin.HasSetting(home_no_categories_widget)">
						<param name="content_path" value="library://music/"/>
						<param name="widget_header" value="$LOCALIZE[31148]"/>
						<param name="widget_target" value="music"/>
						<param name="list_id" value="7900"/>
					</include>
-->					
					<include content="WidgetListSquare" condition="Library.HasContent(music)">
						<param name="content_path" value="musicdb://recentlyplayedalbums"/>
						<param name="widget_header" value="$LOCALIZE[517]"/>
						<param name="widget_target" value="music"/>
						<param name="list_id" value="7100"/>
						<param name="fallback_icon" value="DefaultMusicAlbums.png"/>
					</include>
<!--					
					<include content="WidgetListSquare" condition="Library.HasContent(music)">
						<param name="content_path" value="musicdb://recentlyaddedalbums/"/>
						<param name="widget_header" value="$LOCALIZE[359]"/>
						<param name="widget_target" value="music"/>
						<param name="list_id" value="7200"/>
						<param name="fallback_icon" value="DefaultMusicAlbums.png"/>
					</include>
					<include content="WidgetListSquare" condition="Library.HasContent(music)">
						<param name="content_path" value="special://skin/playlists/random_albums.xsp"/>
						<param name="widget_header" value="$LOCALIZE[31012]"/>
						<param name="widget_target" value="music"/>
						<param name="list_id" value="7300"/>
						<param name="fallback_icon" value="DefaultMusicAlbums.png"/>
					</include>
					<include content="WidgetListSquare" condition="Library.HasContent(music)">
						<param name="content_path" value="special://skin/playlists/random_artists.xsp"/>
						<param name="widget_header" value="$LOCALIZE[31013]"/>
						<param name="widget_target" value="music"/>
						<param name="list_id" value="7400"/>
						<param name="fallback_icon" value="DefaultMusicArtists.png"/>
					</include>
					<include content="WidgetListSquare" condition="Library.HasContent(music)">
						<param name="content_path" value="special://skin/playlists/unplayed_albums.xsp"/>
						<param name="widget_header" value="$LOCALIZE[31014]"/>
						<param name="widget_target" value="music"/>
						<param name="list_id" value="7500"/>
						<param name="fallback_icon" value="DefaultMusicAlbums.png"/>
					</include>
					<include content="WidgetListSquare" condition="Library.HasContent(music)">
						<param name="content_path" value="special://skin/playlists/mostplayed_albums.xsp"/>
						<param name="widget_header" value="$LOCALIZE[31011]"/>
						<param name="widget_target" value="music"/>
						<param name="list_id" value="7600"/>
						<param name="fallback_icon" value="DefaultMusicAlbums.png"/>
						<param name="sortby" value="playcount"/>
						<param name="sortorder" value="descending"/>
					</include>
-->					
				</control>
				<include content="ImageWidget" condition="!Library.HasContent(music)">
					<param name="text_label" value="$LOCALIZE[31104]" />
					<param name="button_label" value="$LOCALIZE[31110]" />
					<param name="button_onclick" value="ActivateWindow(music,files)"/>
					<param name="button_id" value="7600"/>
					<param name="button2_onclick" value="Skin.SetBool(HomeMenuNoMusicButton)"/>
				</include>
				<include content="WidgetScrollbar" condition="Skin.HasSetting(touchmode)">
					<param name="scrollbar_id" value="7010"/>
				</include>
			</control>
			<control type="group" id="8000">  <!-- Addons -->
				<visible>String.IsEqual(Container(9000).ListItem.Property(id),addons)</visible>
				<include content="Visible_Right_Delayed">
					<param name="id" value="addons"/>
				</include>
				<control type="grouplist" id="8001">
					<include>WidgetGroupListCommon</include>
					<pagecontrol>8010</pagecontrol>
					
					<include content="WidgetListCategories" condition="!Skin.HasSetting(home_no_categories_widget)" >
						<param name="content_path" value="addons://"/>
						<param name="widget_header" value="$LOCALIZE[31148]"/>
						<param name="widget_target" value="addonbrowser"/>
						<param name="list_id" value="8900"/>
						<param name="visible" value="Integer.IsGreater(Container(8100).NumItems,0) | Integer.IsGreater(Container(8200).NumItems,0) | Integer.IsGreater(Container(8300).NumItems,0) | Integer.IsGreater(Container(8400).NumItems,0) | Integer.IsGreater(Container(8500).NumItems,0) | Integer.IsGreater(Container(8700).NumItems,0)"/>
					</include>
					<include content="WidgetListSquare">
						<param name="content_path" value="addons://sources/video/"/>
						<param name="widget_header" value="$LOCALIZE[1037]"/>
						<param name="widget_target" value="videos"/>
						<param name="sortby" value="lastused"/>
						<param name="sortorder" value="descending"/>
						<param name="list_id" value="8100"/>
						<param name="fallback_icon" value="DefaultAddon.png"/>
					</include>

					
<!--					
					<include content="WidgetListSquare">
						<param name="content_path" value="addons://sources/audio/"/>
						<param name="widget_header" value="$LOCALIZE[1038]"/>
						<param name="widget_target" value="music"/>
						<param name="sortby" value="lastused"/>
						<param name="sortorder" value="descending"/>
						<param name="list_id" value="8200"/>
						<param name="fallback_icon" value="DefaultAddon.png"/>
					</include>
					<include content="WidgetListSquare">
						<param name="content_path" value="addons://sources/game/"/>
						<param name="widget_header" value="$LOCALIZE[35049]"/>
						<param name="widget_target" value="games"/>
						<param name="sortby" value="lastused"/>
						<param name="sortorder" value="descending"/>
						<param name="list_id" value="8700"/>
						<param name="fallback_icon" value="DefaultAddonGame.png"/>
						<param name="visible" value="System.GetBool(gamesgeneral.enable)"/>
					</include>
					<include content="WidgetListSquare">
						<param name="content_path" value="addons://sources/executable/"/>
						<param name="widget_header" value="$LOCALIZE[1043]"/>
						<param name="widget_target" value="programs"/>
						<param name="sortby" value="lastused"/>
						<param name="sortorder" value="descending"/>
						<param name="list_id" value="8300"/>
						<param name="fallback_icon" value="DefaultAddon.png"/>
					</include>
					<include content="WidgetListSquare" condition="System.Platform.Android">
						<param name="content_path" value="androidapp://sources/apps/"/>
						<param name="widget_header" value="$LOCALIZE[20244]"/>
						<param name="widget_target" value="programs"/>
						<param name="sortby" value="lastused"/>
						<param name="sortorder" value="descending"/>
						<param name="list_id" value="8400"/>
						<param name="fallback_icon" value="DefaultAddon.png"/>
					</include>
					<include content="WidgetListSquare">
						<param name="content_path" value="addons://sources/image/"/>
						<param name="widget_header" value="$LOCALIZE[1039]"/>
						<param name="widget_target" value="pictures"/>
						<param name="sortby" value="lastused"/>
						<param name="sortorder" value="descending"/>
						<param name="list_id" value="8500"/>
					</include>
-->					
				</control>
				<include content="ImageWidget">
					<param name="text_label" value="$LOCALIZE[31119]" />
					<param name="button_label" value="$LOCALIZE[31118]" />
					<param name="button_onclick" value="ActivateWindow(addonbrowser)"/>
					<param name="button_id" value="8600"/>
					<param name="visible" value="!Integer.IsGreater(Container(8001).NumItems,0)"/>
					<param name="button2_onclick" value="Skin.SetBool(HomeMenuNoProgramsButton)"/>
				</include>
				<include content="WidgetScrollbar" condition="Skin.HasSetting(touchmode)">
					<param name="scrollbar_id" value="8010"/>
				</include>
			</control>
			<control type="group" id="11000"> <!-- Videos -->
				<visible>String.IsEqual(Container(9000).ListItem.Property(id),video)</visible>
				<include content="Visible_Right_Delayed">
					<param name="id" value="video"/>
				</include>
				<control type="grouplist" id="11001">
					<include>WidgetGroupListCommon</include>
					<pagecontrol>11010</pagecontrol>
					<include content="WidgetListCategories">
						<param name="content_path" value="library://video/"/>
						<param name="widget_header" value="$LOCALIZE[31148]"/>
						<param name="widget_target" value="videos"/>
						<param name="list_id" value="11900"/>
					</include>
<!--					
					<include content="WidgetListCategories">
						<param name="content_path" value="sources://video/"/>
						<param name="widget_header" value="$LOCALIZE[20094]"/>
						<param name="widget_target" value="videos"/>
						<param name="list_id" value="11100"/>
					</include>
-->				
					<include content="WidgetListCategories">
						<param name="content_path" value="special://videoplaylists/"/>
						<param name="widget_header" value="$LOCALIZE[136]"/>
						<param name="widget_target" value="videos"/>
						<param name="list_id" value="11200"/>
						<param name="icon" value="DefaultPlaylist.png"/>
					</include>
				</control>
				<include content="ImageWidget">
					<param name="text_label" value="$LOCALIZE[31105]" />
					<param name="button_label" value="$LOCALIZE[31110]" />
					<param name="button_onclick" value="ActivateWindow(videos,root)"/>
					<param name="button_id" value="11300"/>
					<param name="visible" value="!Integer.IsGreater(Container(11001).NumItems,0)"/>
					<param name="button2_onclick" value="Skin.SetBool(HomeMenuNoVideosButton)"/>
				</include>
				<include content="WidgetScrollbar" condition="Skin.HasSetting(touchmode)">
					<param name="scrollbar_id" value="11010"/>
				</include>
			</control>
			<control type="group" id="12000"> <!-- Live TV -->
				<visible>String.IsEqual(Container(9000).ListItem.Property(id),livetv)</visible>
				<include content="Visible_Right_Delayed">
					<param name="id" value="livetv"/>
				</include>
<!--				
				<control type="grouplist" id="12001">
					<include>WidgetGroupListCommon</include>
					<pagecontrol>12010</pagecontrol>
					<control type="grouplist" id="12855">
						<height>390</height>
						<left>0</left>
						<right>0</right>
						<top>36</top>
						<orientation>horizontal</orientation>
						<visible>PVR.IsRecordingTV | PVR.HasNonRecordingTVTimer</visible>
						<align>center</align>
						<control type="group">
							<width>674</width>
							<visible>PVR.IsRecordingTV</visible>
							<include content="PVRWidget">
								<param name="icon" value="$INFO[PVR.TVNowRecordingChannelIcon]" />
								<param name="header" value="$LOCALIZE[19158]" />
								<param name="label1" value="$INFO[PVR.TVNowRecordingDateTime]" />
								<param name="label2" value="$INFO[PVR.TVNowRecordingTitle][CR][COLOR=grey]$INFO[PVR.TVNowRecordingChannel][/COLOR]" />
							</include>
						</control>
						<control type="group">
							<width>674</width>
							<visible>PVR.HasNonRecordingTVTimer</visible>
							<include content="PVRWidget">
								<param name="icon" value="$INFO[PVR.TVNextRecordingChannelIcon]" />
								<param name="header" value="$LOCALIZE[19157]" />
								<param name="label1" value="$INFO[PVR.TVNextRecordingDateTime]" />
								<param name="label2" value="$INFO[PVR.TVNextRecordingTitle][CR][COLOR=grey]$INFO[PVR.TVNextRecordingChannel][/COLOR]" />
							</include>
						</control>
					</control>
					<include content="WidgetListCategories" condition="System.HasPVRAddon">
						<param name="widget_header" value="$LOCALIZE[31148]"/>
						<param name="list_id" value="12900"/>
						<param name="pvr_submenu" value="true"/>
						<param name="pvr_type" value="TV"/>
					</include>
					<include content="WidgetListChannels" condition="System.HasPVRAddon">
						<param name="content_path" value="pvr://channels/tv/*?view=lastplayed"/>
						<param name="sortby" value="lastplayed"/>
						<param name="sortorder" value="descending"/>
						<param name="widget_header" value="$LOCALIZE[31016]"/>
						<param name="widget_target" value="pvr"/>
						<param name="list_id" value="12200"/>
					</include>
					<include content="WidgetListChannels" condition="System.HasPVRAddon">
						<param name="content_path" value="pvr://recordings/tv/active?view=flat"/>
						<param name="sortby" value="date"/>
						<param name="sortorder" value="descending"/>
						<param name="widget_header" value="$LOCALIZE[31015]"/>
						<param name="widget_target" value="pvr"/>
						<param name="list_id" value="12300"/>
						<param name="label" value="$INFO[ListItem.ChannelName]"/>
						<param name="label2" value="$INFO[ListItem.Title]$INFO[ListItem.EpisodeName, (,)]"/>
					</include>
				</control>
-->				
				<include content="ImageWidget" condition="!System.HasPVRAddon">
					<param name="text_label" value="$LOCALIZE[31143]" />
					<param name="button_label" value="$LOCALIZE[31144]" />
					<param name="button_onclick" value="ActivateWindow(addonbrowser,addons://all/xbmc.pvrclient,return)"/>
					<param name="button_id" value="12400"/>
					<param name="button2_onclick" value="Skin.SetBool(HomeMenuNoTVButton)"/>
				</include>
				<include content="WidgetScrollbar" condition="Skin.HasSetting(touchmode)">
					<param name="scrollbar_id" value="12010"/>
				</include>
			</control>
			<control type="group" id="13000"> <!-- Radio -->
				<visible>String.IsEqual(Container(9000).ListItem.Property(id),radio)</visible>
				<include content="Visible_Right_Delayed">
					<param name="id" value="radio"/>
				</include>
				<control type="grouplist" id="13001">
					<include>WidgetGroupListCommon</include>
					<pagecontrol>13010</pagecontrol>
					<control type="grouplist" id="13855">
						<height>390</height>
						<left>25</left>
						<top>36</top>
						<orientation>horizontal</orientation>
						<align>right</align>
						<width>1360</width>
						<visible>PVR.IsRecordingRadio | PVR.HasNonRecordingRadioTimer</visible>
						<control type="group">
							<width>680</width>
							<visible>PVR.IsRecordingRadio</visible>
							<include content="PVRWidget">
								<param name="icon" value="$INFO[PVR.RadioNowRecordingChannelIcon]" />
								<param name="header" value="$LOCALIZE[19158]" />
								<param name="label1" value="$INFO[PVR.RadioNowRecordingDateTime]" />
								<param name="label2" value="$INFO[PVR.RadioNowRecordingTitle][CR][COLOR=grey]$INFO[PVR.RadioNowRecordingChannel][/COLOR]" />
							</include>
						</control>
						<control type="group">
							<visible>PVR.HasNonRecordingRadioTimer</visible>
							<width>680</width>
							<include content="PVRWidget">
								<param name="icon" value="$INFO[PVR.RadioNextRecordingChannelIcon]" />
								<param name="header" value="$LOCALIZE[19157]" />
								<param name="label1" value="$INFO[PVR.RadioNextRecordingDateTime]" />
								<param name="label2" value="$INFO[PVR.RadioNextRecordingTitle][CR][COLOR=grey]$INFO[PVR.RadioNextRecordingChannel][/COLOR]" />
							</include>
						</control>
					</control>
					<include content="WidgetListCategories" condition="System.HasPVRAddon">
						<param name="widget_header" value="$LOCALIZE[31148]"/>
						<param name="list_id" value="13900"/>
						<param name="pvr_submenu" value="true"/>
						<param name="pvr_type" value="Radio"/>
					</include>
					<include content="WidgetListChannels" condition="System.HasPVRAddon">
						<param name="content_path" value="pvr://channels/radio/*?view=lastplayed"/>
						<param name="sortby" value="lastplayed"/>
						<param name="sortorder" value="descending"/>
						<param name="widget_header" value="$LOCALIZE[31018]"/>
						<param name="widget_target" value="files"/>
						<param name="list_id" value="13200"/>
					</include>
					<include content="WidgetListChannels" condition="System.HasPVRAddon">
						<param name="content_path" value="pvr://recordings/radio/active?view=flat"/>
						<param name="sortby" value="date"/>
						<param name="sortorder" value="descending"/>
						<param name="widget_header" value="$LOCALIZE[31015]"/>
						<param name="widget_target" value="pvr"/>
						<param name="list_id" value="13300"/>
						<param name="label" value="$INFO[ListItem.ChannelName]"/>
						<param name="label2" value="$INFO[ListItem.Title]$INFO[ListItem.EpisodeName, (,)]"/>
					</include>
				</control>
				<include content="ImageWidget" condition="!System.HasPVRAddon">
					<param name="text_label" value="$LOCALIZE[31143]" />
					<param name="button_label" value="$LOCALIZE[31144]" />
					<param name="button_onclick" value="ActivateWindow(addonbrowser,addons://all/xbmc.pvrclient,return)"/>
					<param name="button_id" value="13400"/>
					<param name="button2_onclick" value="Skin.SetBool(HomeMenuNoRadioButton)"/>
				</include>
				<include content="WidgetScrollbar" condition="Skin.HasSetting(touchmode)">
					<param name="scrollbar_id" value="13010"/>
				</include>
			</control>
			<control type="group" id="14000"> <!-- Favourites -->
				<visible>String.IsEqual(Container(9000).ListItem.Property(id),favorites)</visible>
				<include content="Visible_Right_Delayed">
					<param name="id" value="favorites"/>
				</include>
				<control type="panel" id="14100">
					<left>65</left>
					<top>0</top>
					<right>0</right>
					<bottom>0</bottom>
					<onleft>9000</onleft>
					<onright>9000</onright>
					<onup>14100</onup>
					<ondown>14100</ondown>
					<preloaditems>2</preloaditems>
					<scrolltime tween="cubic" easing="out">500</scrolltime>
					<orientation>vertical</orientation>
					<pagecontrol>14010</pagecontrol>
					<visible>Integer.IsGreater(Container(14100).NumItems,0) | Container(14100).IsUpdating</visible>
					<itemlayout width="330" height="401">
						<control type="group">
							<top>130</top>
							<include content="InfoWallMusicLayout">
								<param name="fallback_image" value="DefaultFavourites.png" />
								<param name="focused" value="false" />
							</include>
						</control>
					</itemlayout>
					<focusedlayout width="330" height="401">
						<control type="group">
							<depth>DepthContentPopout</depth>
							<top>130</top>
<!--							
							<animation effect="zoom" start="100" end="110" time="200" tween="sine" easing="inout" center="170,320">Focus</animation>
							<animation effect="zoom" start="110" end="100" time="200" tween="sine" easing="inout" center="170,320">UnFocus</animation>
-->							
							<include content="InfoWallMusicLayout">
								<param name="fallback_image" value="DefaultFavourites.png" />
								<param name="focused" value="true" />
							</include>
						</control>
					</focusedlayout>
					<content>favourites://</content>
				</control>
				<include content="ImageWidget">
					<param name="text_label" value="$LOCALIZE[31025]" />
					<param name="button_label" value="$LOCALIZE[31116]" />
					<param name="button_onclick" value=""/>
					<param name="button_id" value="5500"/>
					<param name="visible" value="!Integer.IsGreater(Container(14100).NumItems,0) + !Container(14100).IsUpdating"/>
					<param name="visible_1" value="false"/>
					<param name="button2_onclick" value="Skin.SetBool(HomeMenuNoFavButton)"/>
				</include>
				<include content="WidgetScrollbar" condition="Skin.HasSetting(touchmode)">
					<param name="scrollbar_id" value="14010"/>
				</include>
			</control>
			<control type="group" id="15000"> <!-- Weather -->
				<visible>String.IsEqual(Container(9000).ListItem.Property(id),weather)</visible>
				<include content="Visible_Right_Delayed">
					<param name="id" value="weather"/>
				</include>
				<control type="grouplist" id="15001">
					<include>WidgetGroupListCommon</include>
					<pagecontrol>15010</pagecontrol>
					<control type="group" id="16678">
						<description>Weather info</description>
						<left>68</left>
						<right>70</right>
						<top>102</top>
						<height>300</height>
						<visible>!String.IsEmpty(Weather.plugin)</visible>
						<control type="image">
							<bottom>90</bottom>
							<width>100%</width>
							<texture border="21">dialogs/dialog-bg.png</texture>
						</control>
						<control type="label">
							<left>840</left>
							<top>60</top>
							<aligny>center</aligny>
							<height>24</height>
							<right>60</right>
							<align>right</align>
							<font>font30_title</font>
							<label>$INFO[Weather.Location]</label>
						</control>
						<control type="label">
							<left>840</left>
							<top>120</top>
							<aligny>center</aligny>
							<height>24</height>
							<right>60</right>
							<align>right</align>
							<font>font14</font>
							<label>$INFO[Weather.Conditions,, ∙ ]$INFO[Weather.Temperature]</label>
						</control>

						<control type="grouplist">
							<top>50</top>
							<left>50</left>
							<right>20</right>
							<orientation>horizontal</orientation>
							<align>left</align>
							<itemgap>-110</itemgap>
							<include content="WeatherIcon" condition="!String.IsEmpty(Weather.Plugin)">
								<param name="label" value="Window(weather).Property(Current.Wind)" />
								<param name="texture" value="icons/weather/wind.png" />
								<param name="header" value="404" />
							</include>
							<include content="WeatherIcon" condition="!String.IsEmpty(Weather.Plugin)">
								<param name="label" value="Window(weather).Property(Current.Humidity)" />
								<param name="texture" value="icons/weather/humidity.png" />
								<param name="header" value="406" />
							</include>
							<include content="WeatherIcon" condition="!String.IsEmpty(Weather.Plugin)">
								<param name="label" value="Window(weather).Property(Current.Precipitation)" />
								<param name="texture" value="icons/weather/rain.png" />
								<param name="header" value="33021" />
							</include>
							<include content="WeatherIcon" condition="!String.IsEmpty(Weather.Plugin)">
								<param name="label" value="Window(weather).Property(Today.Sunrise)" />
								<param name="texture" value="icons/weather/sunrise.png" />
								<param name="header" value="405" />
							</include>
							<include content="WeatherIcon" condition="!String.IsEmpty(Weather.Plugin)">
								<param name="label" value="Window(weather).Property(Today.Sunset)" />
								<param name="texture" value="icons/weather/sunset.png" />
								<param name="header" value="403" />
							</include>
						</control>
-->						
					</control>
<!--
					<include content="WeatherWidget" condition="!String.IsEmpty(Weather.Plugin)">
						<param name="content_include" value="DailyItems" />
						<param name="list_id" value="15200" />
						<param name="widget_header" value="$LOCALIZE[31019]"/>
						<param name="visible" value="!String.IsEmpty(Window(weather).Property(Daily.IsFetched))" />
					</include>
					<include content="WeatherWidget" condition="!String.IsEmpty(Weather.Plugin)">
						<param name="content_include" value="HourlyItems" />
						<param name="list_id" value="15100" />
						<param name="widget_header" value="$LOCALIZE[33036]"/>
						<param name="visible" value="!String.IsEmpty(Window(weather).Property(Hourly.IsFetched))" />
					</include>
-->
				</control>
				<include content="ImageWidget" condition="String.IsEmpty(Weather.plugin)">
					<param name="text_label" value="$LOCALIZE[31120]" />
					<param name="button_label" value="$LOCALIZE[31121]" />
					<param name="button_onclick" value="ActivateWindow(servicesettings,weather)"/>
					<param name="button_id" value="15300"/>
					<param name="button2_onclick" value="Skin.SetBool(HomeMenuNoWeatherButton)"/>
				</include>
				<include content="WidgetScrollbar" condition="Skin.HasSetting(touchmode)">
					<param name="scrollbar_id" value="15010"/>
				</include>
			</control>
			<control type="group" id="16000"> <!-- Music videos -->
				<visible>String.IsEqual(Container(9000).ListItem.Property(id),musicvideos)</visible>
				<include content="Visible_Right_Delayed">
					<param name="id" value="musicvideos"/>
				</include>
<!--				
				<control type="grouplist" id="16001">
					<include>WidgetGroupListCommon</include>
					<pagecontrol>16010</pagecontrol>
					<include content="WidgetListCategories" condition="Library.HasContent(musicvideos) + !Skin.HasSetting(home_no_categories_widget)">
						<param name="content_path" value="library://video/musicvideos/"/>
						<param name="widget_header" value="$LOCALIZE[31148]"/>
						<param name="widget_target" value="videos"/>
						<param name="list_id" value="16900"/>
					</include>
					<include content="WidgetListEpisodes" condition="Library.HasContent(musicvideos)">
						<param name="content_path" value="videodb://recentlyaddedmusicvideos/"/>
						<param name="widget_header" value="$LOCALIZE[20390]"/>
						<param name="widget_target" value="videos"/>
						<param name="main_label" value="$INFO[ListItem.Label]" />
						<param name="sub_label" value="$INFO[ListItem.Artist]" />
						<param name="thumb_label" value="$INFO[ListItem.Year]" />
						<param name="fallback_image" value="DefaultMusicSongs.png" />
						<param name="list_id" value="16300"/>
					</include>
					<include content="WidgetListEpisodes" condition="Library.HasContent(musicvideos)">
						<param name="content_path" value="special://skin/playlists/unwatched_musicvideos.xsp"/>
						<param name="widget_header" value="$LOCALIZE[31151]"/>
						<param name="widget_target" value="videos"/>
						<param name="main_label" value="$INFO[ListItem.Label]" />
						<param name="sub_label" value="$INFO[ListItem.Artist]" />
						<param name="thumb_label" value="$INFO[ListItem.Year]" />
						<param name="fallback_image" value="DefaultMusicSongs.png" />
						<param name="list_id" value="16400"/>
					</include>
					<include content="WidgetListSquare" condition="Library.HasContent(musicvideos)">
						<param name="content_path" value="special://skin/playlists/random_musicvideo_artists.xsp"/>
						<param name="widget_header" value="$LOCALIZE[31013]"/>
						<param name="widget_target" value="music"/>
						<param name="list_id" value="16200"/>
						<param name="widget_limit" value="10"/>
					</include>
					<include content="WidgetListEpisodes" condition="Library.HasContent(musicvideos)">
						<param name="content_path" value="special://skin/playlists/random_musicvideos.xsp"/>
						<param name="widget_header" value="$LOCALIZE[31152]"/>
						<param name="widget_target" value="videos"/>
						<param name="main_label" value="$INFO[ListItem.Label]" />
						<param name="sub_label" value="$INFO[ListItem.Artist]" />
						<param name="thumb_label" value="$INFO[ListItem.Year]" />
						<param name="fallback_image" value="DefaultMusicSongs.png" />
						<param name="list_id" value="16500"/>
					</include>
					<include content="WidgetListCategories" condition="Library.HasContent(musicvideos)">
						<param name="content_path" value="videodb://musicvideos/studios/"/>
						<param name="widget_header" value="$LOCALIZE[20388]"/>
						<param name="widget_target" value="music"/>
						<param name="list_id" value="16600"/>
						<param name="icon" value="$VAR[WidgetStudioIconVar]"/>
						<param name="icon_height" value="70"/>
					</include>
				</control>
-->				
				<include content="ImageWidget" condition="!Library.HasContent(musicvideos)">
					<param name="text_label" value="$LOCALIZE[31104]" />
					<param name="button_label" value="$LOCALIZE[31110]" />
					<param name="button_onclick" value="ActivateWindow(videos,files,return)"/>
					<param name="button_id" value="16800"/>
					<param name="button2_onclick" value="Skin.SetBool(HomeMenuNoMusicVideoButton)"/>
				</include>
				<include content="WidgetScrollbar" condition="Skin.HasSetting(touchmode)">
					<param name="scrollbar_id" value="16010"/>
				</include>
			</control>
 <!-- Pictures 
			<control type="group" id="4000"> 
				<visible>String.IsEqual(Container(9000).ListItem.Property(id),pictures)</visible>
				<include content="Visible_Right_Delayed">
					<param name="id" value="pictures"/>
				</include>
				<control type="grouplist" id="4001">
					<include>WidgetGroupListCommon</include>
					<include content="WidgetListCategories" condition="!Skin.HasSetting(HomeMenuNoPicturesButton)">
						<param name="content_path" value="sources://pictures/"/>
						<param name="widget_header" value="$LOCALIZE[20094]"/>
						<param name="widget_target" value="pictures"/>
						<param name="list_id" value="4100"/>
						<param name="icon_height" value="110"/>
					</include>
				</control>
			</control>
-->
			<control type="group" id="17000"> <!-- Games -->
				<visible>String.IsEqual(Container(9000).ListItem.Property(id),games)</visible>
				<include content="Visible_Right_Delayed">
					<param name="id" value="games"/>
				</include>
<!--				
				<control type="grouplist" id="17001">
					<include>WidgetGroupListCommon</include>
					<pagecontrol>17010</pagecontrol>
					<include content="WidgetListSquare">
						<param name="content_path" value="addons://sources/game/"/>
						<param name="widget_header" value="$LOCALIZE[35049]"/>
						<param name="widget_target" value="games"/>
						<param name="sortby" value="lastused"/>
						<param name="sortorder" value="descending"/>
						<param name="list_id" value="17200"/>
						<param name="fallback_icon" value="DefaultAddonGame.png"/>
					</include>
				</control>
-->				
				<include content="ImageWidget">
					<param name="text_label" value="$LOCALIZE[31162]" />
					<param name="button_label" value="$LOCALIZE[31144]" />
					<param name="button_onclick" value="ActivateWindow(addonbrowser,addons://all/category.gameaddons,return)"/>
					<param name="button_id" value="17100"/>
					<param name="visible" value="!Integer.IsGreater(Container(17001).NumItems,0)"/>
					<param name="button2_onclick" value="Skin.SetBool(HomeMenuNoGamesButton)"/>
				</include>
				<include content="WidgetScrollbar" condition="Skin.HasSetting(touchmode)">
					<param name="scrollbar_id" value="17010"/>
				</include>
			</control>
			<control type="group" id="21000"> <!-- Disc DVD /BR -->
					<visible>String.IsEqual(Container(9000).ListItem.Property(id),disc)</visible>
					<include content="Visible_Right_Delayed">
						<param name="id" value="disc"/>
					</include>
					<include content="ImageWidget">
						<param name="text_label" value="$INFO[System.DVDLabel]" />
						<param name="button_label" value="$LOCALIZE[341]" />
						<param name="button_onclick" value="PlayDisc"/>
						<param name="button_id" value="21100"/>
						<param name="visible" value="true"/>
						<param name="button2_label" value="$LOCALIZE[13391]"/>
						<param name="button2_onclick" value="EjectTray()"/>
						<param name="button3_label" value="$LOCALIZE[600]"/>
						<param name="button3_onclick" value="RipCD"/>
						<param name="visible_3" value="System.HasMediaAudioCD"/>
					</include>
				</control>
		</control>
	</controls>
</window>
